hostel_id,hostel_name,location,total_rooms,manager_name,monthly_rent
45,"White, Andrade and Hernandez",Reeseton,84,Brooke Ramsey,3534.11
3,"Wilson, Contreras and Martinez",Gomezmouth,23,Joel Farmer,2738.2
41,Mcdonald-Murray,Tonyton,96,Alan Gregory,1500.01
39,"Anderson, Jones and Rowe",Port Gregory,27,Katelyn Sexton,3422.37
29,"Anderson, Hughes and Doyle",Ryanstad,67,Angela Chavez,1955.93
8,"Johnson, Simmons and Bowers",North Michelle,64,Mike Fisher,1518.69
32,Ramirez and Sons,Lindabury,56,Rachel Hamilton,1658.42
19,"Olsen, Yates and Weaver",West Rhonda,41,Michelle Green,2984.93
46,West and Sons,Spencerville,16,Jason Silva,1057.8
38,Singleton and Sons,Jennifershire,67,Laura Hernandez,3444.61
16,"Waller, Roberts and Rivera",Ashleyland,66,Bobby Walsh,1528.05
9,Holt-House,New Jesse,93,Matthew White,3402.0
21,"Hancock, Banks and Smith",South Patrick,98,Matthew Green,3748.81
30,Robinson-Kramer,Crosbyborough,75,Jeremy Howell,4376.06
18,"Mitchell, King and Strickland",Millstown,34,Thomas Morrison,4389.67
10,Jones Inc,Lake Susan,41,John Sharp,1101.58
2,Mckinney PLC,South Michaelmouth,44,Adrian Davis,3390.8
18,Moyer-Johnson,Lake Marytown,25,Mrs. Cheryl Combs,1081.75
47,Randall Inc,Johnview,53,Kimberly Garza,2280.82
11,Lopez-Walters,Port Steven,20,Andrew Hernandez,4270.39
2,"Kelley, Graham and Oliver",New Alexandershire,97,Raymond Rogers,1064.97
11,"Holmes, Freeman and Vargas",Danielside,57,Henry Clark,3353.8
4,Francis-Gray,West Morganmouth,59,Jessica Frederick,4755.83
9,"Parks, Alvarez and Salinas",Onealland,57,Lindsay Douglas,2629.35
12,Frazier PLC,Port Timothyhaven,56,Jeffrey Romero,1733.79
17,"Sherman, Clark and Espinoza",Lake Jessica,29,David Thomas,4017.8
27,Torres-Clay,Nicholasmouth,98,Elizabeth Willis,4578.65
41,Whitaker-Wiggins,Bridgetfurt,55,Miranda Herrera,4192.13
15,Dalton-Donaldson,Evansberg,50,Margaret Christensen DDS,1742.15
33,"Ford, Ritter and Barrera",Cabrerastad,54,Shawna Alexander,1229.24
9,Shaw-Boyd,Carlsonchester,76,Stephen Rivera,1741.66
25,"Gutierrez, Williams and Brewer",West John,78,Jason Richardson,2981.41
14,"Howe, Hanson and Lawrence",Port Stephanieton,33,Thomas Thompson,3529.12
42,Gordon and Sons,Jesseberg,14,Christina Brown,2613.32
23,Holmes-Brandt,Lake Nathanville,98,Mark Thompson,2696.69
12,"Barrett, Rodriguez and Lee",West Isaac,45,Kathy Maldonado,4727.4
1,Martinez-Moore,Patelfort,41,Jennifer Hernandez,1206.97
31,Brown Ltd,Brownville,30,Charles Erickson,4719.98
2,Marquez Ltd,Mcbridemouth,54,Mrs. Kristen Decker,2436.84
34,"Hanson, Fuller and Todd",Wendyfort,40,James Carter,2195.49
25,Sanchez-Taylor,Sherrybury,35,Jonathan Ho,4230.2
38,Boyd Inc,Lake Alyssa,93,Jennifer Rasmussen,3775.66
27,"Key, Becker and Brown",West Patrickhaven,38,Cynthia Lucas,1972.52
2,"Shaw, Munoz and Weber",Colinmouth,25,Renee Cox,1515.89
36,Thomas LLC,Derektown,16,Alejandro Knapp,2297.23
28,"Hunt, Jimenez and Henderson",Riveraland,32,Courtney Torres,4387.42
31,Davis Group,South Daniel,100,Jessica Reilly,1339.62
29,Cox PLC,Nicolemouth,94,Crystal Morgan,4608.06
17,"Manning, Robinson and Hernandez",Lake Adamton,83,James Gomez,3535.7
4,"Singleton, Harper and Lee",New Timothy,95,Brad Hebert,2397.87
