room_id,room_type,room_capacity,room_rate,availability,hostel_id
557,Single,2,40.54,No,45
756,Single,1,63.99,No,3
178,Double,1,43,No,41
863,Double,2,90.36,Yes,39
457,Single,2,57.29,Yes,29
101,Single,1,33.87,Yes,45
355,Suite,4,26.25,Yes,3
842,Double,1,90.22,Yes,41
864,Single,4,77.75,No,39
968,Double,2,70.46,Yes,29
994,Suite,1,116.32,No,41
542,Suite,2,111.25,Yes,3
722,Single,4,27.55,Yes,45
680,Suite,2,98.87,No,39
182,Double,1,79.52,No,41
224,Suite,2,143.09,Yes,3
471,Single,2,132.64,No,29
425,Double,1,68.27,Yes,39
916,Single,4,50.15,Yes,45
855,Suite,1,116.42,Yes,3
525,Double,4,122.66,No,41
349,Single,4,144.51,No,39
698,Single,1,63.43,Yes,29
264,Suite,1,140.87,No,41
125,Single,2,46.23,Yes,45
422,Double,1,69.66,No,39
651,Double,4,81.41,Yes,41
335,Suite,2,139.99,Yes,3
253,Single,1,38.6,Yes,45
830,Suite,4,27.19,No,39
833,Single,2,24.44,Yes,45
938,Suite,2,111.66,No,41
111,Double,2,144.69,No,39
558,Single,4,148.14,No,45
293,Single,1,22.23,No,29
724,Double,4,32.32,No,41
439,Suite,1,89.39,No,39
801,Suite,4,127.95,Yes,3
511,Double,4,126.47,Yes,41
267,Single,4,135.62,Yes,45
974,Double,1,109.11,Yes,29
887,Double,1,56.75,No,41
225,Double,1,88.37,Yes,39
946,Suite,4,76.47,No,3
131,Single,1,127.5,Yes,45
334,Single,2,89.35,No,29
429,Suite,1,131.54,No,41
378,Single,4,29.58,Yes,45
358,Single,2,92.68,Yes,29
232,Double,2,67.69,Yes,39
342,Double,2,37.87,Yes,41
928,Single,2,62.8,Yes,45
788,Single,4,149.9,No,39
133,Double,4,138.17,Yes,41
487,Double,1,63.98,Yes,39
813,Double,4,109.98,No,41
470,Suite,1,76.18,Yes,3
756,Single,4,134.54,Yes,45
859,Single,1,100.39,Yes,29
781,Suite,4,134.39,Yes,3
312,Suite,4,117.46,No,41
150,Single,1,83.29,No,45
819,Suite,1,87.92,No,39
505,Suite,1,94.31,No,41
768,Double,1,20.32,Yes,29
746,Suite,4,95.76,No,41
577,Suite,1,40,Yes,3
964,Suite,2,38.89,Yes,41
308,Suite,2,125.62,No,39
681,Double,4,29.34,No,41
379,Single,1,116.11,,
557,Single,2,40.54,No,45
756,Single,1,63.99,No,3
178,Double,1,43,No,41
863,Double,2,90.36,Yes,39
457,Single,2,57.29,Yes,29
101,Single,1,33.87,Yes,45
355,Suite,4,26.25,Yes,3
842,Double,1,90.22,Yes,41
864,Single,4,77.75,No,39
968,Double,2,70.46,Yes,29
994,Suite,1,116.32,No,41
542,Suite,2,111.25,Yes,3
722,Single,4,27.55,Yes,45
680,Suite,2,98.87,No,39
182,Double,1,79.52,No,41
224,Suite,2,143.09,Yes,3
471,Single,2,132.64,No,29
425,Double,1,68.27,Yes,39
916,Single,4,50.15,Yes,45
855,Suite,1,116.42,Yes,3
525,Double,4,122.66,No,41
349,Single,4,144.51,No,39
698,Single,1,63.43,Yes,29
264,Suite,1,140.87,No,41
125,Single,2,46.23,Yes,45
422,Double,1,69.66,No,39
651,Double,4,81.41,Yes,41
335,Suite,2,139.99,Yes,3
253,Single,1,38.6,Yes,45
830,Suite,4,27.19,No,39
833,Single,2,24.44,Yes,45
938,Suite,2,111.66,No,41
111,Double,2,144.69,No,39
558,Single,4,148.14,No,45
293,Single,1,22.23,No,29
724,Double,4,32.32,No,41
439,Suite,1,89.39,No,39
801,Suite,4,127.95,Yes,3
511,Double,4,126.47,Yes,41
267,Single,4,135.62,Yes,45
974,Double,1,109.11,Yes,29
887,Double,1,56.75,No,41
225,Double,1,88.37,Yes,39
946,Suite,4,76.47,No,3
131,Single,1,127.5,Yes,45
334,Single,2,89.35,No,29
429,Suite,1,131.54,No,41
378,Single,4,29.58,Yes,45
358,Single,2,92.68,Yes,29
232,Double,2,67.69,Yes,39
342,Double,2,37.87,Yes,41
928,Single,2,62.8,Yes,45
788,Single,4,149.9,No,39
133,Double,4,138.17,Yes,41
487,Double,1,63.98,Yes,39
813,Double,4,109.98,No,41
470,Suite,1,76.18,Yes,3
756,Single,4,134.54,Yes,45
859,Single,1,100.39,Yes,29
781,Suite,4,134.39,Yes,3
312,Suite,4,117.46,No,41
150,Single,1,83.29,No,45
819,Suite,1,87.92,No,39
505,Suite,1,94.31,No,41
768,Double,1,20.32,Yes,29
746,Suite,4,95.76,No,41
577,Suite,1,40,Yes,3
964,Suite,2,38.89,Yes,41
308,Suite,2,125.62,No,39
681,Double,4,29.34,No,41
